pop_cd,year,month,avg_score,avg_rat,new_avg_rat,sex,ages,monthly_spend_rat,population,num_opencard,num_usecard,monthly_card_spend,monthly_lc,monthly_loan,monthly_bk_loan,monthly_cd_loan,monthly_installments_loan,monthly_insurance_loan,monthly_sbk_loan,loan_commitment,inst_rep_loanb,ls_rep_loanb,credit_loan,mortgage_loan,credit_card_payment,credit_card_installments_payment,debit_card_payment,monthly_spend,date
Y20,2016,1,733,4,5,남자,20대,4,3815000,3.23,1.69,530000,28940000,24290000,15220000,450000,4040000,650000,1320000,2830000,11850000,8960000,13890000,31100000,132000,37000,361000,493000,2016-01-01
Y20,2016,2,766,4,5,남자,20대,4,4015000,3.45,1.6,640000,36050000,30230000,20560000,520000,4170000,830000,1240000,3990000,14010000,11470000,17260000,38040000,209000,55000,376000,585000,2016-02-01
Y20,2016,3,766,4,5,남자,20대,4,4009000,3.47,1.6,640000,36180000,30280000,20540000,520000,4180000,830000,1290000,3970000,13980000,11560000,17360000,37970000,203000,51000,386000,589000,2016-03-01
Y20,2016,4,766,4,5,남자,20대,4,4020000,3.49,1.61,700000,36570000,30600000,20800000,530000,4180000,840000,1320000,3980000,14020000,11840000,17500000,38320000,224000,60000,416000,640000,2016-04-01
Y20,2016,5,765,4,5,남자,20대,4,4031000,3.48,1.62,660000,37040000,30950000,21070000,550000,4190000,840000,1350000,4020000,14110000,12050000,17730000,38720000,218000,55000,387000,605000,2016-05-01
Y20,2016,6,765,4,5,남자,20대,4,4038000,3.49,1.63,720000,37470000,31320000,21290000,560000,4230000,840000,1380000,4030000,14280000,12240000,17910000,39140000,240000,59000,421000,661000,2016-06-01
Y20,2016,7,766,4,5,남자,20대,4,4047000,3.48,1.63,700000,37650000,31570000,21400000,580000,4230000,840000,1480000,4020000,14430000,12340000,18010000,39570000,238000,58000,404000,642000,2016-07-01
Y20,2016,8,766,4,5,남자,20대,4,4052000,3.48,1.64,700000,37880000,31880000,21630000,590000,4230000,840000,1500000,4010000,14600000,12490000,18110000,40070000,234000,61000,405000,639000,2016-08-01
Y20,2016,9,766,4,5,남자,20대,3,4058000,3.49,1.65,740000,38240000,32280000,21910000,600000,4240000,880000,1530000,4020000,14880000,12610000,18340000,40510000,240000,59000,441000,681000,2016-09-01
Y20,2016,10,766,4,5,남자,20대,4,4066000,3.5,1.64,700000,38510000,32530000,22070000,620000,4240000,880000,1530000,3990000,14940000,12820000,18400000,40810000,227000,56000,417000,644000,2016-10-01
Y20,2016,11,766,4,5,남자,20대,4,4072000,3.49,1.65,720000,38790000,32830000,22220000,630000,4260000,890000,1580000,3950000,15090000,13000000,18570000,41250000,239000,60000,421000,660000,2016-11-01
Y20,2016,12,766,4,5,남자,20대,4,4075000,3.5,1.64,720000,38910000,32960000,22250000,650000,4290000,900000,1600000,3940000,15180000,13040000,18640000,41510000,235000,64000,421000,656000,2016-12-01
Y20,2017,1,767,4,5,남자,20대,3,4112000,3.47,1.63,760000,38940000,32990000,22170000,660000,4340000,910000,1620000,3920000,15180000,13090000,18680000,41590000,258000,64000,438000,696000,2017-01-01
Y20,2017,2,767,4,5,남자,20대,3,4108000,3.47,1.63,740000,38770000,32810000,21880000,670000,4320000,900000,1770000,3880000,15100000,13050000,18600000,41370000,243000,60000,437000,680000,2017-02-01
Y20,2017,3,768,4,5,남자,20대,4,4100000,3.47,1.63,690000,38710000,32800000,21830000,690000,4310000,890000,1800000,3840000,15120000,13050000,18630000,41400000,223000,57000,410000,633000,2017-03-01
Y20,2017,4,768,4,5,남자,20대,3,4111000,3.48,1.63,780000,38890000,33030000,21950000,700000,4370000,900000,1790000,3860000,15220000,13160000,18810000,41730000,255000,65000,460000,715000,2017-04-01
Y20,2017,5,769,4,5,남자,20대,4,4116000,3.48,1.63,730000,39110000,33300000,22160000,720000,4390000,890000,1800000,3900000,15360000,13250000,19030000,42000000,244000,62000,424000,668000,2017-05-01
Y20,2017,6,768,4,5,남자,20대,3,4120000,3.48,1.64,810000,39220000,33450000,22220000,740000,4430000,880000,1810000,3910000,15440000,13310000,19210000,42140000,268000,67000,475000,743000,2017-06-01
Y20,2017,7,769,4,5,남자,20대,3,4125000,3.47,1.64,770000,39510000,33790000,22500000,760000,4460000,870000,1780000,3910000,15620000,13460000,19450000,42250000,256000,64000,450000,706000,2017-07-01
Y20,2017,8,769,4,5,남자,20대,3,4129000,3.48,1.64,810000,39210000,33610000,22450000,750000,4410000,850000,1750000,3900000,15540000,13370000,19710000,41170000,272000,68000,470000,742000,2017-08-01
Y20,2017,9,769,4,5,남자,20대,3,4133000,3.48,1.64,820000,39270000,33740000,22570000,760000,4410000,830000,1750000,3950000,15630000,13370000,19970000,41040000,271000,65000,484000,755000,2017-09-01
Y20,2017,10,770,4,5,남자,20대,3,4137000,3.48,1.64,790000,39450000,33920000,22690000,770000,4420000,820000,1770000,3940000,15740000,13440000,20080000,41290000,268000,66000,456000,724000,2017-10-01
Y20,2017,11,770,4,5,남자,20대,3,4142000,3.48,1.64,800000,39480000,34000000,22750000,780000,4430000,810000,1780000,3910000,15800000,13480000,20180000,41370000,267000,65000,468000,735000,2017-11-01
Y20,2017,12,770,4,5,남자,20대,3,4150000,3.48,1.64,790000,39600000,34100000,22850000,790000,4450000,810000,1740000,3960000,15800000,13530000,20330000,41410000,270000,73000,447000,717000,2017-12-01
Y25,2016,1,742,4,5,여자,20대,4,3370000,3.39,1.92,680000,27630000,23110000,15170000,640000,2290000,840000,1330000,2600000,10470000,9150000,12410000,33830000,185000,76000,419000,604000,2016-01-01
Y25,2016,2,779,4,5,여자,20대,3,3515000,3.71,1.88,790000,31890000,26470000,18150000,740000,2470000,970000,1200000,3260000,11650000,10500000,14240000,38180000,269000,103000,418000,687000,2016-02-01
Y25,2016,3,780,4,5,여자,20대,3,3512000,3.72,1.87,790000,32150000,26640000,18240000,740000,2470000,970000,1270000,3270000,11680000,10630000,14390000,38340000,260000,98000,432000,692000,2016-03-01
Y25,2016,4,780,4,5,여자,20대,3,3522000,3.72,1.88,870000,32590000,26970000,18490000,750000,2480000,970000,1290000,3290000,11720000,10890000,14520000,38820000,285000,112000,473000,758000,2016-04-01
Y25,2016,5,780,4,5,여자,20대,3,3528000,3.72,1.88,820000,33070000,27330000,18740000,760000,2500000,970000,1310000,3300000,11830000,11120000,14670000,39310000,278000,103000,439000,717000,2016-05-01
Y25,2016,6,780,4,5,여자,20대,3,3533000,3.72,1.89,890000,33490000,27710000,19040000,770000,2520000,980000,1340000,3320000,12000000,11300000,14860000,39760000,302000,111000,477000,779000,2016-06-01
Y25,2016,7,781,4,5,여자,20대,3,3539000,3.7,1.89,850000,33620000,27940000,19130000,780000,2530000,980000,1420000,3340000,12110000,11400000,14960000,40220000,295000,107000,448000,743000,2016-07-01
Y25,2016,8,782,4,5,여자,20대,3,3542000,3.7,1.89,870000,33880000,28280000,19400000,780000,2540000,990000,1440000,3340000,12290000,11550000,15100000,40780000,298000,112000,460000,758000,2016-08-01
Y25,2016,9,782,4,5,여자,20대,3,3549000,3.7,1.89,910000,34230000,28660000,19640000,790000,2560000,1020000,1470000,3340000,12520000,11710000,15300000,41360000,310000,109000,491000,801000,2016-09-01
Y25,2016,10,783,4,5,여자,20대,3,3557000,3.7,1.89,860000,34550000,28940000,19850000,800000,2560000,1040000,1470000,3340000,12600000,11900000,15380000,41680000,290000,105000,465000,755000,2016-10-01
Y25,2016,11,783,4,5,여자,20대,3,3563000,3.68,1.89,890000,34870000,29260000,20050000,800000,2560000,1040000,1520000,3340000,12700000,12120000,15590000,42160000,306000,113000,471000,777000,2016-11-01
Y25,2016,12,783,4,5,여자,20대,3,3567000,3.68,1.88,890000,35110000,29490000,20170000,810000,2580000,1060000,1540000,3350000,12810000,12240000,15720000,42580000,303000,121000,466000,769000,2016-12-01
Y25,2017,1,784,4,5,여자,20대,3,3593000,3.64,1.87,920000,35260000,29640000,20200000,820000,2610000,1070000,1560000,3350000,12880000,12320000,15820000,42810000,316000,117000,487000,803000,2017-01-01
Y25,2017,2,784,4,5,여자,20대,3,3589000,3.64,1.87,880000,35250000,29600000,20030000,810000,2590000,1060000,1750000,3320000,12830000,12370000,15830000,42680000,306000,110000,464000,770000,2017-02-01
Y25,2017,3,785,4,4,여자,20대,3,3584000,3.64,1.86,850000,35340000,29740000,20170000,820000,2580000,1070000,1770000,3300000,12910000,12460000,15910000,42980000,285000,107000,458000,743000,2017-03-01
Y25,2017,4,785,4,4,여자,20대,3,3594000,3.65,1.87,950000,35440000,29910000,20280000,830000,2620000,1070000,1760000,3310000,13020000,12520000,16060000,43340000,319000,121000,510000,829000,2017-04-01
Y25,2017,5,785,4,4,여자,20대,3,3599000,3.63,1.87,890000,35660000,30170000,20490000,840000,2620000,1050000,1770000,3300000,13150000,12660000,16180000,43790000,308000,113000,469000,777000,2017-05-01
Y25,2017,6,785,4,4,여자,20대,3,3605000,3.64,1.87,980000,35800000,30320000,20580000,850000,2640000,1050000,1790000,3310000,13230000,12700000,16300000,44020000,336000,121000,523000,859000,2017-06-01
Y25,2017,7,786,4,4,여자,20대,3,3608000,3.63,1.87,920000,36010000,30600000,20860000,860000,2650000,1040000,1760000,3310000,13430000,12790000,16470000,44430000,319000,115000,486000,805000,2017-07-01
Y25,2017,8,786,4,4,여자,20대,3,3612000,3.63,1.88,960000,35960000,30640000,20960000,860000,2640000,1020000,1750000,3310000,13470000,12790000,16640000,43700000,333000,122000,505000,838000,2017-08-01
Y25,2017,9,786,4,4,여자,20대,3,3620000,3.63,1.88,960000,35940000,30700000,21030000,860000,2630000,1000000,1750000,3340000,13500000,12810000,16850000,43360000,334000,117000,509000,843000,2017-09-01
Y25,2017,10,787,4,4,여자,20대,3,3625000,3.62,1.88,940000,36040000,30820000,21110000,870000,2620000,990000,1800000,3340000,13570000,12860000,16930000,43590000,332000,120000,488000,820000,2017-10-01
Y25,2017,11,787,4,4,여자,20대,3,3630000,3.62,1.88,940000,36020000,30870000,21180000,880000,2620000,980000,1810000,3300000,13580000,12930000,16990000,43570000,324000,116000,500000,824000,2017-11-01
Y25,2017,12,787,4,4,여자,20대,3,3636000,3.61,1.87,950000,36180000,30960000,21270000,880000,2630000,980000,1790000,3310000,13620000,12970000,17120000,43570000,328000,132000,490000,818000,2017-12-01
Y30,2016,1,748,4,5,남자,30대,2,4457000,4.3,2.43,1530000,72690000,61920000,48370000,900000,4440000,2200000,960000,9880000,28640000,22010000,29870000,74390000,892000,200000,438000,1330000,2016-01-01
Y30,2016,2,788,3,4,남자,30대,2,4665000,3.95,2.04,1550000,80220000,68230000,53790000,1010000,4500000,2570000,970000,10930000,31870000,23900000,31820000,81350000,914000,214000,422000,1336000,2016-02-01
Y30,2016,3,789,3,4,남자,30대,2,4669000,3.95,2.04,1470000,80570000,68440000,53850000,1020000,4520000,2580000,1030000,10990000,31740000,24180000,32000000,81600000,874000,186000,410000,1284000,2016-03-01
Y30,2016,4,789,3,4,남자,30대,1,4666000,3.95,2.04,1620000,81260000,68980000,54350000,1010000,4520000,2560000,1060000,10990000,31690000,24790000,32220000,81950000,967000,214000,439000,1406000,2016-04-01
Y30,2016,5,789,3,4,남자,30대,1,4671000,3.94,2.04,1570000,82150000,69670000,54900000,1020000,4540000,2560000,1090000,11020000,31900000,25240000,32490000,82700000,941000,206000,423000,1364000,2016-05-01
Y30,2016,6,789,3,4,남자,30대,1,4676000,3.93,2.04,1690000,83210000,70550000,55580000,1030000,4590000,2580000,1120000,11060000,32260000,25680000,32820000,83620000,1020000,217000,453000,1473000,2016-06-01
Y30,2016,7,790,3,4,남자,30대,1,4688000,3.91,2.03,1630000,83880000,71290000,56110000,1040000,4600000,2590000,1190000,11100000,32670000,25980000,33060000,84480000,993000,211000,426000,1419000,2016-07-01
Y30,2016,8,791,3,4,남자,30대,1,4698000,3.9,2.03,1660000,84730000,72170000,56860000,1060000,4620000,2590000,1220000,11130000,33230000,26260000,33370000,85470000,999000,228000,433000,1432000,2016-08-01
Y30,2016,9,790,3,4,남자,30대,1,4699000,3.91,2.03,1700000,85740000,73210000,57620000,1060000,4640000,2700000,1260000,11160000,33930000,26570000,33690000,86560000,1022000,211000,467000,1489000,2016-09-01
Y30,2016,10,791,3,4,남자,30대,1,4704000,3.9,2.03,1600000,86370000,73800000,58080000,1070000,4640000,2720000,1260000,11200000,34050000,27010000,33880000,87130000,963000,199000,438000,1401000,2016-10-01
Y30,2016,11,791,3,4,남자,30대,1,4708000,3.88,2.03,1680000,87330000,74730000,58800000,1090000,4650000,2760000,1290000,11220000,34520000,27440000,34230000,88250000,1008000,220000,452000,1460000,2016-11-01
Y30,2016,12,791,3,4,남자,30대,1,4711000,3.87,2.03,1650000,88010000,75300000,59130000,1100000,4700000,2820000,1320000,11240000,34750000,27750000,34450000,89030000,993000,223000,434000,1427000,2016-12-01
Y30,2017,1,791,3,4,남자,30대,1,4744000,3.83,2.01,1750000,88380000,75600000,59180000,1110000,4750000,2880000,1340000,11290000,34720000,28050000,34590000,89470000,1071000,224000,455000,1526000,2017-01-01
Y30,2017,2,791,3,4,남자,30대,1,4741000,3.82,2.01,1720000,88500000,75630000,58960000,1120000,4750000,2890000,1500000,11260000,34470000,28350000,34630000,89580000,1038000,224000,458000,1496000,2017-02-01
Y30,2017,3,792,3,4,남자,30대,1,4743000,3.82,2.0,1570000,88830000,75970000,59280000,1130000,4740000,2890000,1510000,11250000,34650000,28530000,34790000,90090000,950000,203000,417000,1367000,2017-03-01
Y30,2017,4,792,3,4,남자,30대,1,4740000,3.82,2.01,1750000,89150000,76330000,59490000,1140000,4800000,2880000,1520000,11260000,34690000,28850000,35060000,90600000,1063000,225000,462000,1525000,2017-04-01
Y30,2017,5,792,3,4,남자,30대,1,4742000,3.81,2.01,1680000,89660000,76860000,59890000,1150000,4830000,2860000,1530000,11250000,34880000,29190000,35310000,91180000,1022000,222000,436000,1458000,2017-05-01
Y30,2017,6,792,3,4,남자,30대,1,4745000,3.81,2.01,1830000,90020000,77200000,60100000,1160000,4870000,2840000,1550000,11280000,34940000,29440000,35580000,91540000,1107000,238000,485000,1592000,2017-06-01
Y30,2017,7,792,3,4,남자,30대,1,4750000,3.8,2.01,1720000,90640000,77860000,60680000,1170000,4900000,2820000,1520000,11340000,35220000,29760000,35940000,92010000,1048000,222000,450000,1498000,2017-07-01
Y30,2017,8,793,3,4,남자,30대,1,4752000,3.79,2.01,1810000,91330000,78610000,61400000,1170000,4890000,2800000,1530000,11550000,35470000,30050000,36510000,92130000,1095000,242000,473000,1568000,2017-08-01
Y30,2017,9,793,3,4,남자,30대,1,4755000,3.8,2.01,1780000,91830000,79170000,61920000,1170000,4880000,2770000,1550000,11750000,35740000,30150000,37120000,92170000,1088000,216000,476000,1564000,2017-09-01
Y30,2017,10,793,3,4,남자,30대,1,4758000,3.79,2.01,1750000,92310000,79680000,62400000,1180000,4860000,2750000,1560000,11860000,36030000,30270000,37510000,92510000,1076000,221000,453000,1529000,2017-10-01
Y30,2017,11,793,3,4,남자,30대,1,4759000,3.78,2.01,1750000,92880000,80270000,62890000,1190000,4870000,2750000,1590000,11900000,36260000,30590000,37880000,92960000,1057000,217000,476000,1533000,2017-11-01
Y30,2017,12,793,3,4,남자,30대,1,4766000,3.78,2.0,1770000,93420000,80700000,63230000,1200000,4890000,2760000,1590000,11970000,36420000,30780000,38150000,93260000,1072000,239000,459000,1531000,2017-12-01
Y35,2016,1,770,3,5,여자,30대,2,3944000,4.65,2.6,1430000,56060000,46830000,34740000,1440000,3220000,2320000,840000,6750000,21660000,16280000,20480000,70170000,755000,259000,416000,1171000,2016-01-01
Y35,2016,2,818,3,2,여자,30대,2,4131000,4.32,2.26,1400000,61700000,51480000,38360000,1580000,3310000,2760000,830000,7040000,24320000,17780000,21230000,77470000,755000,255000,390000,1145000,2016-02-01
Y35,2016,3,818,3,2,여자,30대,2,4129000,4.34,2.25,1340000,62100000,51730000,38500000,1580000,3310000,2770000,890000,7100000,24300000,17990000,21350000,77780000,724000,233000,383000,1107000,2016-03-01
Y35,2016,4,819,3,2,여자,30대,2,4122000,4.34,2.26,1490000,62570000,52080000,38800000,1570000,3330000,2770000,900000,7110000,24300000,18340000,21470000,78140000,796000,268000,426000,1222000,2016-04-01
Y35,2016,5,819,3,2,여자,30대,2,4121000,4.33,2.26,1440000,63230000,52540000,39140000,1580000,3350000,2770000,930000,7120000,24420000,18670000,21630000,78670000,781000,254000,405000,1186000,2016-05-01
Y35,2016,6,819,3,2,여자,30대,2,4122000,4.33,2.27,1550000,63980000,53140000,39580000,1600000,3400000,2790000,940000,7150000,24650000,18980000,21890000,79310000,844000,270000,436000,1280000,2016-06-01
Y35,2016,7,819,3,2,여자,30대,2,4130000,4.32,2.26,1480000,64390000,53610000,39900000,1600000,3410000,2800000,980000,7170000,24880000,19200000,22020000,80080000,815000,256000,409000,1224000,2016-07-01
Y35,2016,8,820,3,2,여자,30대,2,4135000,4.32,2.27,1520000,64970000,54220000,40390000,1620000,3430000,2800000,1000000,7190000,25240000,19420000,22210000,80880000,832000,268000,420000,1252000,2016-08-01
Y35,2016,9,820,3,2,여자,30대,2,4135000,4.32,2.27,1560000,65610000,54890000,40840000,1630000,3470000,2880000,1030000,7210000,25680000,19630000,22440000,81730000,859000,257000,444000,1303000,2016-09-01
Y35,2016,10,820,3,2,여자,30대,2,4137000,4.32,2.26,1480000,66100000,55350000,41180000,1630000,3480000,2900000,1030000,7240000,25800000,19940000,22550000,82220000,809000,251000,420000,1229000,2016-10-01
Y35,2016,11,820,3,2,여자,30대,2,4139000,4.3,2.27,1560000,66820000,56020000,41650000,1640000,3500000,2940000,1060000,7260000,26150000,20230000,22810000,83110000,852000,277000,431000,1283000,2016-11-01
Y35,2016,12,820,3,2,여자,30대,2,4138000,4.31,2.26,1550000,67360000,56470000,41870000,1660000,3540000,3000000,1080000,7260000,26350000,20460000,22990000,83710000,841000,287000,422000,1263000,2016-12-01
Y35,2017,1,820,3,2,여자,30대,2,4152000,4.27,2.25,1600000,67700000,56780000,41980000,1660000,3580000,3060000,1110000,7300000,26430000,20660000,23110000,84190000,883000,280000,437000,1320000,2017-01-01
Y35,2017,2,820,3,2,여자,30대,2,4150000,4.26,2.25,1540000,67900000,56890000,41860000,1670000,3580000,3080000,1270000,7270000,26320000,20910000,23180000,84320000,858000,268000,414000,1272000,2017-02-01
Y35,2017,3,821,3,2,여자,30대,2,4148000,4.27,2.24,1470000,68160000,57190000,42100000,1670000,3590000,3090000,1290000,7280000,26450000,21070000,23330000,84760000,809000,255000,406000,1215000,2017-03-01
Y35,2017,4,821,3,2,여자,30대,1,4144000,4.27,2.25,1630000,68390000,57490000,42240000,1680000,3650000,3080000,1300000,7290000,26560000,21260000,23510000,85240000,892000,285000,453000,1345000,2017-04-01
Y35,2017,5,821,3,2,여자,30대,2,4143000,4.26,2.26,1560000,68760000,57900000,42530000,1690000,3660000,3060000,1320000,7300000,26720000,21500000,23710000,85740000,863000,272000,425000,1288000,2017-05-01
Y35,2017,6,821,3,2,여자,30대,1,4144000,4.26,2.26,1700000,69020000,58140000,42680000,1700000,3700000,3040000,1340000,7320000,26810000,21620000,23900000,86020000,936000,292000,472000,1408000,2017-06-01
Y35,2017,7,821,3,2,여자,30대,2,4144000,4.25,2.26,1590000,69440000,58650000,43120000,1710000,3720000,3030000,1330000,7350000,27050000,21870000,24170000,86670000,881000,269000,440000,1321000,2017-07-01
Y35,2017,8,821,3,2,여자,30대,1,4143000,4.25,2.26,1650000,69770000,59090000,43520000,1710000,3720000,3000000,1360000,7440000,27220000,22040000,24520000,86370000,917000,285000,448000,1365000,2017-08-01
Y35,2017,9,821,3,2,여자,30대,1,4144000,4.26,2.27,1630000,69870000,59290000,43680000,1710000,3720000,2980000,1370000,7530000,27350000,22020000,24880000,85910000,913000,265000,452000,1365000,2017-09-01
Y35,2017,10,822,3,2,여자,30대,1,4144000,4.26,2.27,1640000,70120000,59580000,43930000,1710000,3720000,2970000,1400000,7610000,27530000,22070000,25120000,86070000,913000,282000,445000,1358000,2017-10-01
Y35,2017,11,822,3,2,여자,30대,1,4140000,4.25,2.27,1620000,70430000,59940000,44220000,1720000,3730000,2960000,1430000,7640000,27690000,22230000,25380000,86260000,888000,271000,461000,1349000,2017-11-01
Y35,2017,12,822,3,2,여자,30대,1,4142000,4.25,2.27,1670000,70720000,60170000,44430000,1720000,3750000,2950000,1430000,7680000,27790000,22340000,25570000,86320000,908000,307000,455000,1363000,2017-12-01
Y40,2016,1,743,4,5,남자,40대,1,4856000,4.13,2.56,1930000,98240000,84330000,67020000,1290000,4650000,3390000,900000,15360000,38910000,28170000,35000000,100060000,1169000,280000,481000,1650000,2016-01-01
Y40,2016,2,779,4,5,남자,40대,1,5090000,3.52,1.96,1820000,100480000,86260000,68490000,1320000,4630000,3380000,900000,15980000,38720000,29650000,35270000,102860000,1072000,288000,460000,1532000,2016-02-01
Y40,2016,3,779,4,5,남자,40대,1,5094000,3.53,1.96,1700000,100770000,86440000,68530000,1320000,4660000,3390000,950000,16080000,38690000,29740000,35340000,103300000,1011000,241000,448000,1459000,2016-03-01
Y40,2016,4,780,4,5,남자,40대,1,5084000,3.54,1.97,1850000,101390000,86880000,68850000,1320000,4670000,3410000,980000,16090000,38820000,30060000,35450000,103770000,1102000,265000,483000,1585000,2016-04-01
Y40,2016,5,780,4,5,남자,40대,1,5088000,3.53,1.97,1790000,102150000,87480000,69260000,1330000,4720000,3420000,1010000,16110000,39050000,30390000,35660000,104420000,1070000,260000,460000,1530000,2016-05-01
Y40,2016,6,781,4,5,남자,40대,1,5089000,3.54,1.98,1920000,103050000,88220000,69770000,1350000,4780000,3440000,1050000,16150000,39400000,30700000,35980000,105120000,1161000,267000,492000,1653000,2016-06-01
Y40,2016,7,781,4,5,남자,40대,1,5095000,3.52,1.97,1870000,103710000,88910000,70220000,1360000,4800000,3470000,1110000,16180000,39770000,30980000,36200000,105930000,1135000,262000,473000,1608000,2016-07-01
Y40,2016,8,782,4,5,남자,40대,1,5095000,3.53,1.98,1960000,104440000,89630000,70780000,1380000,4840000,3480000,1140000,16210000,40250000,31190000,36430000,106740000,1182000,300000,478000,1660000,2016-08-01
Y40,2016,9,782,4,5,남자,40대,1,5099000,3.54,1.98,1970000,105240000,90400000,71210000,1400000,4870000,3630000,1170000,16200000,40840000,31350000,36640000,107430000,1195000,266000,509000,1704000,2016-09-01
Y40,2016,10,783,4,5,남자,40대,1,5100000,3.54,1.98,1840000,105890000,90940000,71600000,1410000,4880000,3670000,1180000,16240000,41030000,31660000,36720000,108070000,1115000,255000,470000,1585000,2016-10-01
Y40,2016,11,783,4,5,남자,40대,1,5101000,3.53,1.99,1930000,106820000,91800000,72180000,1440000,4910000,3720000,1210000,16280000,41490000,31990000,36980000,109070000,1158000,283000,489000,1647000,2016-11-01
Y40,2016,12,783,4,5,남자,40대,1,5107000,3.53,1.99,1910000,107470000,92340000,72400000,1460000,4970000,3800000,1240000,16300000,41770000,32210000,37160000,109750000,1154000,279000,477000,1631000,2016-12-01
Y40,2017,1,784,3,5,남자,40대,1,5137000,3.51,1.98,2050000,108000000,92770000,72550000,1470000,5040000,3870000,1260000,16360000,41900000,32440000,37260000,110370000,1258000,291000,501000,1759000,2017-01-01
Y40,2017,2,784,3,5,남자,40대,1,5140000,3.51,1.99,2010000,108250000,92870000,72380000,1490000,5050000,3890000,1390000,16320000,41890000,32590000,37280000,110650000,1231000,300000,479000,1710000,2017-02-01
Y40,2017,3,784,3,5,남자,40대,1,5138000,3.52,1.99,1850000,108640000,93210000,72610000,1500000,5070000,3910000,1400000,16320000,42090000,32720000,37400000,111120000,1140000,262000,448000,1588000,2017-03-01
Y40,2017,4,784,3,5,남자,40대,1,5130000,3.53,2.0,2040000,109000000,93550000,72770000,1520000,5150000,3910000,1400000,16330000,42260000,32880000,37550000,111650000,1256000,282000,502000,1758000,2017-04-01
Y40,2017,5,785,3,4,남자,40대,1,5129000,3.53,2.0,1960000,109500000,94000000,73070000,1530000,5190000,3900000,1410000,16320000,42520000,33070000,37750000,112090000,1204000,282000,474000,1678000,2017-05-01
Y40,2017,6,785,3,4,남자,40대,1,5129000,3.54,2.01,2120000,109990000,94380000,73250000,1550000,5260000,3890000,1430000,16310000,42720000,33250000,37980000,112490000,1312000,293000,515000,1827000,2017-06-01
Y40,2017,7,785,3,4,남자,40대,1,5133000,3.54,2.01,2020000,110680000,95050000,73780000,1560000,5300000,3890000,1410000,16350000,43100000,33510000,38200000,113110000,1254000,279000,487000,1741000,2017-07-01
Y40,2017,8,786,3,4,남자,40대,1,5136000,3.54,2.02,2160000,111260000,95620000,74270000,1580000,5330000,3880000,1430000,16480000,43350000,33680000,38630000,113170000,1326000,325000,509000,1835000,2017-08-01
Y40,2017,9,786,3,4,남자,40대,1,5135000,3.56,2.03,2100000,111710000,96060000,74620000,1590000,5360000,3870000,1440000,16610000,43580000,33740000,39090000,113150000,1312000,276000,512000,1824000,2017-09-01
Y40,2017,10,786,3,4,남자,40대,1,5135000,3.56,2.03,2060000,112220000,96480000,74930000,1590000,5360000,3870000,1470000,16720000,43870000,33780000,39400000,113440000,1284000,284000,492000,1776000,2017-10-01
Y40,2017,11,786,3,4,남자,40대,1,5138000,3.56,2.04,2060000,112770000,97010000,75280000,1620000,5410000,3880000,1520000,16740000,44130000,33990000,39750000,113810000,1262000,283000,515000,1777000,2017-11-01
Y40,2017,12,787,3,4,남자,40대,1,5160000,3.56,2.04,2090000,113350000,97430000,75590000,1630000,5450000,3900000,1530000,16790000,44360000,34130000,39990000,114100000,1284000,308000,498000,1782000,2017-12-01
Y45,2016,1,764,4,5,여자,40대,2,4515000,4.25,2.62,1650000,77210000,65360000,48840000,1700000,3240000,4000000,660000,8420000,31760000,22720000,21050000,94760000,870000,339000,441000,1311000,2016-01-01
Y45,2016,2,808,3,3,여자,40대,2,4708000,3.77,2.15,1570000,79670000,67420000,50320000,1680000,3190000,4100000,640000,8440000,32250000,24320000,20880000,96920000,813000,330000,427000,1240000,2016-02-01
Y45,2016,3,809,3,3,여자,40대,2,4712000,3.79,2.15,1490000,79860000,67500000,50330000,1680000,3190000,4100000,680000,8520000,32230000,24330000,20930000,97250000,773000,296000,421000,1194000,2016-03-01
Y45,2016,4,809,3,3,여자,40대,2,4702000,3.8,2.16,1610000,80410000,67890000,50610000,1680000,3210000,4130000,710000,8530000,32360000,24580000,21020000,97680000,838000,327000,445000,1283000,2016-04-01
Y45,2016,5,810,3,3,여자,40대,2,4705000,3.8,2.16,1540000,81090000,68420000,50960000,1700000,3230000,4140000,720000,8540000,32580000,24870000,21170000,98320000,806000,308000,426000,1232000,2016-05-01
Y45,2016,6,810,3,3,여자,40대,1,4705000,3.81,2.17,1670000,81910000,69070000,51390000,1710000,3280000,4180000,740000,8570000,32890000,25160000,21400000,99020000,882000,326000,462000,1344000,2016-06-01
Y45,2016,7,810,3,3,여자,40대,2,4708000,3.8,2.17,1600000,82420000,69620000,51710000,1720000,3300000,4210000,780000,8590000,33170000,25390000,21550000,99780000,853000,309000,438000,1291000,2016-07-01
Y45,2016,8,811,3,3,여자,40대,1,4706000,3.81,2.18,1680000,83050000,70250000,52150000,1730000,3320000,4230000,800000,8600000,33560000,25610000,21700000,100570000,899000,338000,443000,1342000,2016-08-01
Y45,2016,9,811,3,3,여자,40대,1,4709000,3.82,2.18,1710000,83740000,70920000,52480000,1750000,3360000,4370000,820000,8600000,34010000,25790000,21930000,101340000,922000,320000,468000,1390000,2016-09-01
Y45,2016,10,811,3,3,여자,40대,2,4709000,3.82,2.19,1600000,84360000,71440000,52800000,1760000,3370000,4420000,830000,8630000,34210000,26090000,21990000,101950000,855000,310000,435000,1290000,2016-10-01
Y45,2016,11,812,3,3,여자,40대,2,4709000,3.82,2.19,1680000,85170000,72140000,53210000,1780000,3400000,4480000,860000,8650000,34590000,26370000,22180000,102840000,887000,344000,449000,1336000,2016-11-01
Y45,2016,12,812,3,3,여자,40대,2,4716000,3.82,2.19,1680000,85770000,72630000,53400000,1810000,3440000,4560000,880000,8670000,34840000,26560000,22340000,103460000,882000,352000,446000,1328000,2016-12-01
Y45,2017,1,812,3,3,여자,40대,1,4742000,3.81,2.19,1750000,86250000,73040000,53520000,1820000,3490000,4630000,900000,8720000,34990000,26750000,22450000,104060000,945000,354000,451000,1396000,2017-01-01
Y45,2017,2,812,3,3,여자,40대,1,4741000,3.81,2.19,1720000,86600000,73250000,53420000,1840000,3510000,4660000,1030000,8710000,35000000,26960000,22540000,104450000,941000,344000,435000,1376000,2017-02-01
Y45,2017,3,812,3,3,여자,40대,2,4733000,3.82,2.2,1630000,86870000,73510000,53580000,1850000,3520000,4700000,1050000,8720000,35150000,27050000,22660000,104830000,884000,319000,427000,1311000,2017-03-01
Y45,2017,4,812,3,3,여자,40대,1,4719000,3.84,2.21,1780000,87150000,73820000,53690000,1870000,3580000,4710000,1050000,8720000,35350000,27150000,22800000,105300000,963000,347000,470000,1433000,2017-04-01
Y45,2017,5,813,3,2,여자,40대,1,4714000,3.84,2.21,1680000,87500000,74190000,53930000,1880000,3610000,4700000,1070000,8710000,35580000,27300000,22980000,105780000,918000,329000,433000,1351000,2017-05-01
Y45,2017,6,812,3,3,여자,40대,1,4710000,3.85,2.22,1850000,87810000,74460000,54030000,1900000,3660000,4700000,1090000,8710000,35770000,27350000,23130000,106060000,1007000,354000,489000,1496000,2017-06-01
Y45,2017,7,813,3,2,여자,40대,1,4712000,3.85,2.23,1740000,88230000,74900000,54360000,1910000,3690000,4690000,1090000,8730000,36050000,27480000,23320000,106630000,957000,329000,454000,1411000,2017-07-01
Y45,2017,8,813,3,2,여자,40대,1,4712000,3.86,2.24,1850000,88550000,75250000,54620000,1920000,3720000,4680000,1110000,8740000,36260000,27600000,23530000,106690000,1021000,362000,467000,1488000,2017-08-01
Y45,2017,9,813,3,2,여자,40대,1,4709000,3.88,2.25,1820000,88690000,75400000,54660000,1940000,3740000,4680000,1140000,8760000,36460000,27500000,23780000,106510000,1014000,328000,478000,1492000,2017-09-01
Y45,2017,10,814,3,2,여자,40대,1,4707000,3.89,2.25,1800000,88930000,75610000,54750000,1950000,3760000,4680000,1170000,8810000,36720000,27400000,23970000,106690000,997000,346000,457000,1454000,2017-10-01
Y45,2017,11,814,3,2,여자,40대,1,4709000,3.89,2.26,1790000,89240000,75900000,54900000,1970000,3800000,4690000,1210000,8810000,36920000,27460000,24180000,106930000,968000,343000,479000,1447000,2017-11-01
Y45,2017,12,814,3,2,여자,40대,1,4732000,3.89,2.26,1840000,89590000,76170000,55070000,1980000,3820000,4720000,1220000,8830000,37110000,27520000,24340000,107100000,989000,380000,471000,1460000,2017-12-01
Y50,2016,1,743,4,5,남자,50대,1,4644000,3.55,2.33,1650000,106190000,92560000,74600000,1100000,4020000,2800000,650000,19060000,35230000,36650000,33910000,114280000,944000,272000,434000,1378000,2016-01-01
Y50,2016,2,781,4,5,남자,50대,2,4788000,2.81,1.6,1460000,106950000,93350000,75390000,1070000,3800000,2650000,600000,19550000,34100000,38150000,32990000,116810000,815000,262000,383000,1198000,2016-02-01
Y50,2016,3,782,4,5,남자,50대,2,4800000,2.81,1.61,1360000,106890000,93240000,75190000,1080000,3820000,2650000,630000,19680000,33980000,38000000,32990000,117020000,774000,220000,366000,1140000,2016-03-01
Y50,2016,4,782,4,5,남자,50대,2,4819000,2.82,1.61,1490000,107420000,93610000,75430000,1080000,3840000,2660000,660000,19680000,34150000,38200000,33070000,117500000,855000,241000,394000,1249000,2016-04-01
Y50,2016,5,782,4,5,남자,50대,2,4831000,2.82,1.61,1450000,107950000,93990000,75650000,1090000,3890000,2660000,680000,19680000,34320000,38400000,33230000,117930000,829000,240000,381000,1210000,2016-05-01
Y50,2016,6,783,4,5,남자,50대,2,4842000,2.82,1.62,1540000,108600000,94540000,75960000,1100000,3940000,2680000,700000,19700000,34580000,38640000,33430000,118510000,890000,243000,407000,1297000,2016-06-01
Y50,2016,7,783,4,5,남자,50대,2,4852000,2.82,1.62,1520000,109040000,94990000,76190000,1120000,3960000,2700000,740000,19700000,34840000,38830000,33530000,119170000,883000,241000,396000,1279000,2016-07-01
Y50,2016,8,784,3,5,남자,50대,2,4861000,2.82,1.62,1570000,109500000,95440000,76460000,1130000,3990000,2720000,760000,19700000,35140000,38960000,33670000,119710000,899000,277000,394000,1293000,2016-08-01
Y50,2016,9,784,4,5,남자,50대,2,4870000,2.83,1.63,1570000,110060000,95960000,76660000,1150000,4020000,2840000,790000,19680000,35550000,39050000,33840000,120170000,908000,248000,414000,1322000,2016-09-01
Y50,2016,10,784,3,5,남자,50대,2,4877000,2.83,1.63,1510000,110510000,96320000,76850000,1160000,4030000,2870000,800000,19700000,35710000,39250000,33900000,120580000,874000,244000,392000,1266000,2016-10-01
Y50,2016,11,785,3,4,남자,50대,2,4886000,2.83,1.63,1570000,111180000,96910000,77170000,1190000,4050000,2900000,820000,19730000,36020000,39460000,34070000,121330000,897000,265000,408000,1305000,2016-11-01
Y50,2016,12,785,3,4,남자,50대,2,4895000,2.83,1.64,1550000,111680000,97310000,77300000,1210000,4100000,2950000,840000,19740000,36230000,39610000,34200000,121850000,890000,253000,407000,1297000,2016-12-01
Y50,2017,1,786,3,4,남자,50대,1,4926000,2.82,1.64,1650000,112070000,97610000,77350000,1220000,4170000,2980000,860000,19810000,36370000,39720000,34300000,122300000,969000,265000,416000,1385000,2017-01-01
Y50,2017,2,785,3,4,남자,50대,2,4930000,2.83,1.64,1610000,112180000,97600000,77130000,1250000,4190000,3000000,940000,19750000,36410000,39700000,34330000,122450000,939000,275000,396000,1335000,2017-02-01
Y50,2017,3,785,3,4,남자,50대,2,4942000,2.84,1.64,1470000,112390000,97760000,77200000,1270000,4220000,3010000,950000,19760000,36530000,39720000,34410000,122720000,862000,235000,373000,1235000,2017-03-01
Y50,2017,4,785,3,4,남자,50대,1,4949000,2.85,1.65,1650000,112650000,97970000,77240000,1290000,4270000,3010000,960000,19740000,36720000,39760000,34500000,123170000,972000,258000,420000,1392000,2017-04-01
Y50,2017,5,786,3,4,남자,50대,1,4956000,2.85,1.66,1600000,112920000,98190000,77360000,1300000,4300000,3010000,960000,19710000,36920000,39800000,34650000,123440000,941000,258000,401000,1342000,2017-05-01
Y50,2017,6,786,3,4,남자,50대,1,4961000,2.86,1.66,1710000,113280000,98470000,77470000,1320000,4360000,3010000,970000,19680000,37160000,39840000,34830000,123720000,1009000,267000,434000,1443000,2017-06-01
Y50,2017,7,786,3,4,남자,50대,1,4964000,2.86,1.67,1650000,113690000,98830000,77700000,1340000,4400000,3020000,970000,19690000,37440000,39920000,34960000,124170000,979000,257000,414000,1393000,2017-07-01
Y50,2017,8,786,3,4,남자,50대,1,4970000,2.87,1.67,1750000,114020000,99090000,77860000,1350000,4430000,3020000,980000,19680000,37640000,39960000,35160000,124230000,1017000,299000,434000,1451000,2017-08-01
Y50,2017,9,786,3,4,남자,50대,1,4962000,2.89,1.69,1700000,114370000,99350000,78020000,1370000,4460000,3020000,1000000,19680000,37860000,39980000,35470000,124250000,1005000,256000,439000,1444000,2017-09-01
Y50,2017,10,787,3,4,남자,50대,1,4962000,2.9,1.69,1700000,114650000,99520000,78130000,1380000,4470000,3010000,1030000,19720000,38020000,39960000,35650000,124370000,1004000,267000,429000,1433000,2017-10-01
Y50,2017,11,786,3,4,남자,50대,1,4965000,2.9,1.7,1700000,114910000,99740000,78230000,1410000,4520000,3020000,1070000,19670000,38190000,40020000,35880000,124490000,981000,268000,451000,1432000,2017-11-01
Y50,2017,12,787,3,4,남자,50대,1,5000000,2.89,1.7,1720000,115320000,100010000,78390000,1420000,4560000,3040000,1080000,19700000,38350000,40110000,36060000,124650000,1001000,280000,439000,1440000,2017-12-01
Y55,2016,1,770,3,5,여자,50대,3,4400000,3.75,2.42,1320000,85630000,73760000,55610000,1350000,2680000,3820000,440000,10780000,31000000,30030000,19850000,103980000,646000,336000,338000,984000,2016-01-01
Y55,2016,2,811,3,3,여자,50대,3,4464000,3.07,1.76,1170000,86280000,74310000,56200000,1310000,2520000,3720000,420000,11070000,30210000,31140000,19640000,104760000,565000,308000,297000,862000,2016-02-01
Y55,2016,3,811,3,3,여자,50대,3,4475000,3.08,1.76,1090000,86340000,74290000,56100000,1320000,2530000,3730000,450000,11150000,30170000,31070000,19630000,105070000,536000,271000,283000,819000,2016-03-01
Y55,2016,4,812,3,3,여자,50대,3,4491000,3.1,1.77,1210000,86820000,74620000,56270000,1320000,2550000,3750000,470000,11140000,30360000,31200000,19680000,105450000,589000,307000,314000,903000,2016-04-01
Y55,2016,5,812,3,3,여자,50대,3,4501000,3.1,1.78,1170000,87430000,75110000,56580000,1330000,2580000,3770000,480000,11140000,30570000,31470000,19790000,106030000,576000,296000,298000,874000,2016-05-01
Y55,2016,6,812,3,3,여자,50대,3,4507000,3.11,1.78,1250000,88160000,75680000,56910000,1340000,2610000,3810000,500000,11160000,30860000,31710000,19960000,106600000,618000,310000,322000,940000,2016-06-01
Y55,2016,7,813,3,2,여자,50대,3,4515000,3.11,1.79,1210000,88600000,76130000,57130000,1350000,2630000,3850000,520000,11150000,31100000,31910000,20040000,107220000,610000,296000,304000,914000,2016-07-01
Y55,2016,8,814,3,2,여자,50대,3,4520000,3.12,1.79,1250000,89160000,76670000,57460000,1370000,2650000,3870000,530000,11160000,31420000,32120000,20150000,107890000,625000,321000,304000,929000,2016-08-01
Y55,2016,9,813,3,2,여자,50대,3,4524000,3.13,1.8,1270000,89720000,77190000,57670000,1380000,2680000,3990000,540000,11140000,31800000,32250000,20310000,108400000,643000,305000,322000,965000,2016-09-01
Y55,2016,10,814,3,2,여자,50대,3,4529000,3.14,1.81,1230000,90310000,77690000,57930000,1390000,2690000,4040000,550000,11140000,31990000,32560000,20340000,109060000,619000,306000,305000,924000,2016-10-01
Y55,2016,11,814,3,2,여자,50대,3,4534000,3.14,1.81,1290000,90980000,78290000,58220000,1410000,2710000,4090000,570000,11150000,32330000,32780000,20460000,109820000,634000,333000,323000,957000,2016-11-01
Y55,2016,12,814,3,2,여자,50대,3,4539000,3.15,1.82,1270000,91450000,78680000,58350000,1430000,2750000,4140000,580000,11150000,32580000,32910000,20560000,110290000,629000,327000,314000,943000,2016-12-01
Y55,2017,1,815,3,2,여자,50대,3,4563000,3.14,1.82,1310000,91920000,79090000,58460000,1440000,2790000,4200000,590000,11180000,32770000,33080000,20640000,110840000,661000,328000,321000,982000,2017-01-01
Y55,2017,2,814,3,2,여자,50대,3,4570000,3.15,1.83,1290000,92300000,79330000,58410000,1470000,2800000,4220000,680000,11150000,32850000,33250000,20700000,111280000,660000,322000,308000,968000,2017-02-01
Y55,2017,3,815,3,2,여자,50대,3,4588000,3.16,1.83,1190000,92590000,79580000,58560000,1480000,2810000,4250000,690000,11160000,33030000,33310000,20770000,111650000,600000,289000,301000,901000,2017-03-01
Y55,2017,4,815,3,2,여자,50대,2,4600000,3.18,1.84,1340000,92870000,79850000,58640000,1490000,2840000,4260000,700000,11140000,33240000,33380000,20840000,112060000,682000,328000,330000,1012000,2017-04-01
Y55,2017,5,815,3,2,여자,50대,3,4607000,3.19,1.85,1290000,93150000,80150000,58800000,1500000,2870000,4250000,710000,11120000,33490000,33440000,20970000,112430000,658000,315000,317000,975000,2017-05-01
Y55,2017,6,815,3,2,여자,50대,2,4613000,3.2,1.86,1400000,93460000,80420000,58900000,1510000,2920000,4260000,720000,11100000,33730000,33480000,21070000,112760000,714000,338000,348000,1062000,2017-06-01
Y55,2017,7,815,3,2,여자,50대,2,4616000,3.21,1.87,1330000,93850000,80810000,59140000,1520000,2940000,4270000,720000,11080000,34020000,33570000,21200000,113260000,688000,315000,327000,1015000,2017-07-01
Y55,2017,8,815,3,2,여자,50대,2,4623000,3.22,1.88,1400000,94190000,81140000,59350000,1540000,2960000,4270000,740000,11080000,34250000,33660000,21370000,113530000,715000,343000,342000,1057000,2017-08-01
Y55,2017,9,816,3,2,여자,50대,2,4617000,3.24,1.89,1370000,94410000,81310000,59380000,1560000,3000000,4280000,760000,11050000,34510000,33590000,21560000,113570000,716000,312000,342000,1058000,2017-09-01
Y55,2017,10,816,3,2,여자,50대,2,4619000,3.26,1.9,1400000,94620000,81480000,59420000,1560000,3000000,4290000,800000,11070000,34750000,33490000,21700000,113740000,721000,338000,341000,1062000,2017-10-01
Y55,2017,11,816,3,2,여자,50대,2,4624000,3.27,1.91,1380000,94860000,81710000,59510000,1590000,3040000,4310000,830000,11010000,34950000,33530000,21830000,113980000,699000,334000,347000,1046000,2017-11-01
Y55,2017,12,816,3,2,여자,50대,2,4658000,3.26,1.91,1410000,95190000,81920000,59610000,1590000,3060000,4340000,830000,11010000,35170000,33540000,21910000,114190000,710000,356000,344000,1054000,2017-12-01
Y60,2016,1,775,3,5,남자,60대,3,3076000,2.97,2.01,1120000,102050000,89900000,73440000,780000,2640000,1920000,340000,20700000,28090000,39930000,25630000,118140000,643000,200000,277000,920000,2016-01-01
Y60,2016,2,817,3,2,남자,60대,3,2948000,2.12,1.23,900000,99710000,87710000,71790000,700000,2320000,1750000,300000,20410000,26480000,39760000,23620000,116510000,511000,177000,212000,723000,2016-02-01
Y60,2016,3,817,3,2,남자,60대,3,2970000,2.13,1.23,840000,99670000,87620000,71660000,710000,2340000,1760000,310000,20520000,26440000,39580000,23610000,116950000,483000,147000,210000,693000,2016-03-01
Y60,2016,4,818,3,2,남자,60대,3,2994000,2.14,1.23,960000,100080000,87900000,71820000,710000,2350000,1770000,320000,20540000,26580000,39700000,23670000,117450000,553000,168000,239000,792000,2016-04-01
Y60,2016,5,818,3,2,남자,60대,3,3013000,2.14,1.24,940000,100510000,88210000,72000000,720000,2370000,1780000,330000,20550000,26700000,39870000,23720000,117970000,548000,169000,223000,771000,2016-05-01
Y60,2016,6,818,3,2,남자,60대,3,3029000,2.14,1.24,990000,101020000,88580000,72220000,730000,2400000,1790000,340000,20570000,26880000,40030000,23830000,118470000,578000,173000,239000,817000,2016-06-01
Y60,2016,7,818,3,2,남자,60대,3,3044000,2.14,1.24,980000,101300000,88820000,72280000,740000,2420000,1800000,360000,20590000,27030000,40090000,23780000,118970000,575000,169000,236000,811000,2016-07-01
Y60,2016,8,819,3,2,남자,60대,3,3057000,2.14,1.25,1000000,101680000,89200000,72490000,750000,2440000,1800000,380000,20610000,27260000,40210000,23810000,119560000,576000,196000,228000,804000,2016-08-01
Y60,2016,9,819,3,2,남자,60대,3,3072000,2.15,1.25,980000,102160000,89640000,72690000,760000,2460000,1870000,390000,20610000,27530000,40360000,23900000,120140000,573000,173000,234000,807000,2016-09-01
Y60,2016,10,819,3,2,남자,60대,3,3088000,2.15,1.26,1000000,102660000,90060000,72930000,770000,2470000,1890000,400000,20650000,27700000,40560000,23940000,120750000,576000,190000,234000,810000,2016-10-01
Y60,2016,11,820,3,2,남자,60대,3,3107000,2.15,1.26,1020000,103340000,90660000,73300000,790000,2480000,1910000,410000,20720000,27950000,40820000,24060000,121540000,585000,194000,241000,826000,2016-11-01
Y60,2016,12,820,3,2,남자,60대,3,3124000,2.15,1.26,1000000,103800000,91010000,73450000,810000,2510000,1930000,420000,20780000,28110000,40940000,24140000,122070000,579000,181000,240000,819000,2016-12-01
Y60,2017,1,820,3,2,남자,60대,3,3148000,2.15,1.26,1050000,104000000,91190000,73430000,820000,2550000,1950000,430000,20840000,28230000,40920000,24120000,122480000,620000,186000,244000,864000,2017-01-01
Y60,2017,2,820,3,2,남자,60대,3,3169000,2.16,1.27,1010000,104460000,91500000,73530000,850000,2570000,1970000,450000,20850000,28360000,41070000,24130000,123070000,595000,189000,226000,821000,2017-02-01
Y60,2017,3,820,3,2,남자,60대,3,3180000,2.16,1.27,920000,104730000,91670000,73590000,870000,2590000,1990000,460000,20860000,28490000,41080000,24200000,123470000,546000,158000,216000,762000,2017-03-01
Y60,2017,4,820,3,2,남자,60대,3,3200000,2.17,1.28,1070000,104910000,91800000,73590000,890000,2620000,1990000,470000,20840000,28620000,41080000,24210000,123830000,639000,183000,248000,887000,2017-04-01
Y60,2017,5,820,3,2,남자,60대,3,3214000,2.18,1.28,1040000,105070000,91910000,73630000,900000,2640000,1990000,470000,20820000,28800000,41040000,24330000,124040000,617000,184000,239000,856000,2017-05-01
Y60,2017,6,820,3,2,남자,60대,3,3228000,2.18,1.29,1110000,105370000,92140000,73710000,910000,2690000,2000000,470000,20820000,28970000,41080000,24420000,124400000,659000,190000,261000,920000,2017-06-01
Y60,2017,7,820,3,2,남자,60대,3,3241000,2.19,1.29,1080000,105600000,92280000,73760000,920000,2710000,2000000,470000,20780000,29140000,41080000,24430000,124730000,650000,182000,248000,898000,2017-07-01
Y60,2017,8,820,3,2,남자,60대,3,3254000,2.19,1.3,1120000,105870000,92470000,73890000,940000,2730000,2000000,480000,20760000,29290000,41120000,24520000,124960000,654000,212000,254000,908000,2017-08-01
Y60,2017,9,821,3,2,남자,60대,3,3283000,2.21,1.31,1090000,106110000,92620000,73930000,960000,2760000,2000000,490000,20720000,29460000,41130000,24660000,125090000,647000,181000,262000,909000,2017-09-01
Y60,2017,10,821,3,2,남자,60대,3,3301000,2.21,1.31,1140000,106370000,92820000,74000000,960000,2780000,2010000,520000,20760000,29550000,41190000,24770000,125380000,677000,204000,259000,936000,2017-10-01
Y60,2017,11,821,3,2,남자,60대,3,3321000,2.22,1.32,1120000,106760000,93140000,74200000,990000,2820000,2020000,550000,20720000,29730000,41340000,24910000,125790000,652000,202000,266000,918000,2017-11-01
Y60,2017,12,821,3,2,남자,60대,3,3368000,2.21,1.32,1140000,107110000,93400000,74380000,1000000,2840000,2030000,550000,20750000,29860000,41440000,24970000,126100000,669000,202000,269000,938000,2017-12-01
Y65,2016,1,785,3,4,여자,60대,4,2898000,2.95,2.0,840000,80320000,69480000,53690000,1060000,1750000,2710000,300000,11930000,24490000,31490000,16570000,98980000,393000,244000,203000,596000,2016-01-01
Y65,2016,2,824,3,1,여자,60대,4,2740000,2.03,1.14,710000,78670000,67770000,52690000,980000,1560000,2470000,270000,11550000,23240000,31510000,15800000,95940000,328000,208000,174000,502000,2016-02-01
Y65,2016,3,824,3,1,여자,60대,4,2761000,2.04,1.14,670000,78830000,67780000,52620000,990000,1570000,2470000,280000,11620000,23260000,31430000,15800000,96350000,314000,183000,173000,487000,2016-03-01
Y65,2016,4,824,3,1,여자,60대,4,2784000,2.05,1.15,760000,79330000,68120000,52820000,990000,1580000,2500000,290000,11630000,23430000,31570000,15810000,96920000,354000,213000,193000,547000,2016-04-01
Y65,2016,5,825,3,1,여자,60대,4,2802000,2.06,1.16,740000,79770000,68430000,52990000,1000000,1590000,2500000,300000,11640000,23540000,31740000,15860000,97390000,350000,207000,183000,533000,2016-05-01
Y65,2016,6,825,3,1,여자,60대,4,2819000,2.06,1.16,780000,80420000,68830000,53210000,1020000,1620000,2530000,310000,11660000,23720000,31920000,15960000,97950000,372000,216000,192000,564000,2016-06-01
Y65,2016,7,825,3,1,여자,60대,4,2834000,2.06,1.17,750000,80880000,69240000,53380000,1020000,1640000,2570000,320000,11690000,23930000,32080000,15980000,98620000,365000,204000,181000,546000,2016-07-01
Y65,2016,8,826,3,1,여자,60대,4,2847000,2.07,1.18,780000,81350000,69650000,53590000,1040000,1650000,2580000,340000,11690000,24160000,32240000,16020000,99260000,369000,222000,189000,558000,2016-08-01
Y65,2016,9,826,3,1,여자,60대,4,2862000,2.09,1.19,780000,81800000,70000000,53730000,1050000,1670000,2660000,340000,11680000,24420000,32320000,16140000,99720000,376000,208000,196000,572000,2016-09-01
Y65,2016,10,826,3,1,여자,60대,4,2877000,2.09,1.19,790000,82350000,70450000,53940000,1060000,1680000,2700000,350000,11740000,24630000,32480000,16210000,100320000,376000,225000,189000,565000,2016-10-01
Y65,2016,11,827,3,1,여자,60대,4,2895000,2.1,1.2,810000,82910000,70940000,54170000,1090000,1690000,2730000,360000,11780000,24870000,32680000,16290000,101000000,380000,235000,195000,575000,2016-11-01
Y65,2016,12,827,3,1,여자,60대,4,2912000,2.11,1.2,790000,83370000,71340000,54320000,1110000,1720000,2780000,370000,11800000,25070000,32820000,16360000,101590000,376000,226000,188000,564000,2016-12-01
Y65,2017,1,827,3,1,여자,60대,4,2935000,2.11,1.21,810000,83710000,71660000,54430000,1130000,1740000,2810000,380000,11840000,25210000,32940000,16400000,102110000,392000,227000,191000,583000,2017-01-01
Y65,2017,2,827,3,1,여자,60대,4,2953000,2.12,1.22,800000,84220000,71990000,54530000,1160000,1750000,2830000,420000,11830000,25340000,33110000,16440000,102710000,391000,222000,187000,578000,2017-02-01
Y65,2017,3,827,3,1,여자,60대,4,2963000,2.13,1.22,720000,84530000,72190000,54660000,1180000,1760000,2860000,430000,11850000,25460000,33150000,16460000,103150000,347000,195000,178000,525000,2017-03-01
Y65,2017,4,827,3,1,여자,60대,4,2983000,2.15,1.23,840000,84840000,72500000,54760000,1200000,1790000,2880000,440000,11870000,25670000,33220000,16530000,103820000,409000,232000,199000,608000,2017-04-01
Y65,2017,5,827,3,1,여자,60대,4,2997000,2.15,1.24,810000,85040000,72700000,54830000,1210000,1810000,2890000,450000,11860000,25850000,33240000,16600000,104120000,398000,222000,190000,588000,2017-05-01
Y65,2017,6,827,3,1,여자,60대,4,3011000,2.17,1.25,870000,85220000,72880000,54890000,1220000,1860000,2910000,450000,11860000,26020000,33230000,16680000,104490000,429000,238000,203000,632000,2017-06-01
Y65,2017,7,828,3,1,여자,60대,4,3023000,2.17,1.26,830000,85540000,73170000,55050000,1230000,1880000,2910000,440000,11850000,26250000,33280000,16760000,104920000,413000,221000,196000,609000,2017-07-01
Y65,2017,8,828,3,1,여자,60대,4,3035000,2.18,1.26,860000,85830000,73440000,55180000,1250000,1900000,2920000,460000,11830000,26430000,33370000,16860000,105330000,422000,239000,199000,621000,2017-08-01
Y65,2017,9,828,3,1,여자,60대,4,3062000,2.2,1.28,840000,86080000,73620000,55230000,1260000,1920000,2930000,470000,11820000,26620000,33340000,16960000,105600000,420000,216000,204000,624000,2017-09-01
Y65,2017,10,829,3,1,여자,60대,4,3078000,2.22,1.29,890000,86370000,73870000,55290000,1270000,1940000,2940000,520000,11860000,26740000,33420000,17040000,106000000,443000,250000,197000,640000,2017-10-01
Y65,2017,11,829,3,1,여자,60대,4,3096000,2.23,1.3,870000,86650000,74120000,55380000,1290000,1960000,2960000,550000,11810000,26910000,33530000,17120000,106380000,423000,241000,206000,629000,2017-11-01
Y65,2017,12,829,3,1,여자,60대,4,3143000,2.22,1.29,880000,87000000,74380000,55530000,1290000,1980000,2980000,540000,11810000,27070000,33620000,17200000,106690000,428000,250000,202000,630000,2017-12-01
Y70,2016,1,795,3,4,남자,70대,4,1747000,2.25,1.62,610000,87870000,77460000,65010000,310000,1170000,1150000,180000,18420000,19680000,38920000,18770000,104580000,340000,119000,151000,491000,2016-01-01
Y70,2016,2,831,3,1,남자,70대,4,1764000,1.2,0.68,470000,86010000,75650000,63740000,230000,940000,1070000,170000,17800000,18310000,39200000,17770000,102180000,262000,97000,111000,373000,2016-02-01
Y70,2016,3,831,3,1,남자,70대,4,1767000,1.21,0.68,440000,86260000,75730000,63780000,240000,940000,1080000,180000,17940000,18370000,39070000,17690000,102510000,248000,84000,108000,356000,2016-03-01
Y70,2016,4,832,3,1,남자,70대,4,1774000,1.22,0.68,510000,86560000,75880000,63860000,240000,950000,1080000,180000,17930000,18460000,39130000,17630000,103150000,290000,98000,122000,412000,2016-04-01
Y70,2016,5,832,3,1,남자,70대,4,1778000,1.22,0.69,500000,86970000,76180000,64070000,250000,960000,1090000,180000,17970000,18550000,39300000,17690000,103700000,290000,98000,112000,402000,2016-05-01
Y70,2016,6,832,3,1,남자,70대,4,1785000,1.22,0.69,530000,87690000,76600000,64380000,260000,970000,1100000,190000,18040000,18650000,39530000,17930000,104410000,305000,101000,124000,429000,2016-06-01
Y70,2016,7,833,3,1,남자,70대,4,1795000,1.22,0.69,520000,88080000,76880000,64490000,260000,970000,1110000,200000,18110000,18740000,39640000,17940000,104950000,302000,98000,120000,422000,2016-07-01
Y70,2016,8,834,3,1,남자,70대,4,1805000,1.23,0.7,540000,88540000,77210000,64700000,270000,980000,1110000,200000,18200000,18860000,39760000,17970000,105440000,305000,114000,121000,426000,2016-08-01
Y70,2016,9,834,3,1,남자,70대,4,1816000,1.23,0.71,530000,89130000,77640000,64960000,280000,990000,1140000,200000,18260000,19070000,39900000,18060000,105970000,301000,101000,128000,429000,2016-09-01
Y70,2016,10,835,3,1,남자,70대,4,1826000,1.24,0.71,560000,89720000,78080000,65210000,290000,990000,1170000,220000,18360000,19280000,40030000,18160000,106600000,308000,126000,126000,434000,2016-10-01
Y70,2016,11,835,3,1,남자,70대,4,1834000,1.24,0.72,560000,90250000,78570000,65490000,300000,1010000,1200000,230000,18460000,19490000,40210000,18210000,107340000,308000,115000,137000,445000,2016-11-01
Y70,2016,12,836,3,1,남자,70대,4,1841000,1.25,0.72,540000,90730000,78940000,65680000,320000,1020000,1210000,240000,18520000,19670000,40320000,18340000,107860000,303000,107000,130000,433000,2016-12-01
Y70,2017,1,836,3,1,남자,70대,4,1850000,1.25,0.73,570000,91080000,79290000,65840000,320000,1040000,1210000,240000,18650000,19840000,40360000,18340000,108430000,319000,110000,141000,460000,2017-01-01
Y70,2017,2,836,3,1,남자,70대,4,1860000,1.26,0.73,530000,91510000,79510000,65910000,340000,1060000,1210000,250000,18680000,19970000,40400000,18350000,108820000,309000,107000,114000,423000,2017-02-01
Y70,2017,3,836,3,1,남자,70대,4,1878000,1.27,0.73,490000,91960000,79730000,66030000,350000,1070000,1230000,250000,18730000,20070000,40460000,18400000,109410000,281000,92000,117000,398000,2017-03-01
Y70,2017,4,836,3,1,남자,70대,4,1888000,1.28,0.74,590000,92090000,79770000,66020000,370000,1080000,1230000,250000,18700000,20180000,40400000,18460000,110000000,340000,110000,140000,480000,2017-04-01
Y70,2017,5,837,3,1,남자,70대,4,1897000,1.29,0.75,580000,92290000,79880000,66030000,370000,1100000,1230000,260000,18710000,20290000,40390000,18450000,110400000,332000,108000,140000,472000,2017-05-01
Y70,2017,6,837,3,1,남자,70대,4,1907000,1.29,0.75,610000,92410000,79920000,66030000,380000,1130000,1230000,260000,18710000,20450000,40270000,18470000,110610000,352000,114000,144000,496000,2017-06-01
Y70,2017,7,838,3,1,남자,70대,4,1918000,1.3,0.76,600000,92680000,80050000,66060000,390000,1140000,1230000,240000,18720000,20560000,40270000,18480000,110970000,347000,108000,145000,492000,2017-07-01
Y70,2017,8,838,3,1,남자,70대,4,1929000,1.31,0.76,620000,93100000,80320000,66230000,390000,1160000,1230000,250000,18720000,20660000,40420000,18520000,111460000,354000,127000,139000,493000,2017-08-01
Y70,2017,9,838,3,1,남자,70대,4,1940000,1.32,0.77,590000,93380000,80470000,66360000,400000,1180000,1230000,260000,18730000,20760000,40450000,18640000,111670000,345000,107000,138000,483000,2017-09-01
Y70,2017,10,839,3,1,남자,70대,4,1951000,1.33,0.78,660000,93730000,80740000,66500000,400000,1180000,1240000,320000,18780000,20780000,40650000,18730000,112110000,370000,136000,154000,524000,2017-10-01
Y70,2017,11,839,3,1,남자,70대,4,1961000,1.33,0.78,620000,94060000,80940000,66640000,410000,1200000,1250000,330000,18740000,20900000,40760000,18770000,112370000,345000,124000,151000,496000,2017-11-01
Y70,2017,12,839,3,1,남자,70대,4,2011000,1.31,0.77,620000,94510000,81260000,66880000,420000,1210000,1280000,330000,18790000,20980000,40940000,18780000,112760000,353000,121000,146000,499000,2017-12-01
Y75,2016,1,784,3,5,여자,70대,5,1638000,2.06,1.58,460000,73310000,63180000,51100000,490000,730000,1830000,210000,10050000,19620000,32860000,13610000,82490000,194000,134000,132000,326000,2016-01-01
Y75,2016,2,821,3,2,여자,70대,5,1686000,0.97,0.48,370000,73000000,62730000,51280000,370000,570000,1700000,210000,9570000,18870000,33790000,13410000,80000000,155000,104000,111000,266000,2016-02-01
Y75,2016,3,821,3,2,여자,70대,5,1689000,0.97,0.49,340000,73390000,62940000,51390000,380000,580000,1720000,220000,9650000,18950000,33830000,13360000,80500000,149000,93000,98000,247000,2016-03-01
Y75,2016,4,821,3,2,여자,70대,5,1695000,0.98,0.49,390000,73770000,63080000,51460000,390000,580000,1720000,220000,9640000,19050000,33870000,13260000,80950000,166000,110000,114000,280000,2016-04-01
Y75,2016,5,822,3,2,여자,70대,5,1699000,0.99,0.5,380000,74130000,63290000,51570000,400000,590000,1740000,220000,9650000,19100000,34010000,13240000,81400000,165000,107000,108000,273000,2016-05-01
Y75,2016,6,822,3,2,여자,70대,5,1705000,0.99,0.5,400000,74800000,63590000,51730000,410000,600000,1780000,240000,9660000,19230000,34140000,13290000,81880000,174000,112000,114000,288000,2016-06-01
Y75,2016,7,823,3,1,여자,70대,5,1714000,0.99,0.5,390000,75190000,63800000,51800000,430000,600000,1760000,250000,9710000,19310000,34220000,13220000,82270000,174000,106000,110000,284000,2016-07-01
Y75,2016,8,823,3,1,여자,70대,5,1723000,1.0,0.51,410000,75510000,63990000,51860000,440000,610000,1770000,280000,9710000,19430000,34270000,13210000,82550000,177000,115000,118000,295000,2016-08-01
Y75,2016,9,824,3,1,여자,70대,5,1734000,1.01,0.51,400000,75750000,64070000,51790000,450000,620000,1790000,280000,9730000,19560000,34180000,13200000,82690000,178000,107000,115000,293000,2016-09-01
Y75,2016,10,824,3,1,여자,70대,5,1743000,1.01,0.52,420000,76180000,64340000,51910000,470000,640000,1820000,290000,9750000,19700000,34270000,13200000,83160000,181000,122000,117000,298000,2016-10-01
Y75,2016,11,824,3,1,여자,70대,5,1752000,1.02,0.52,420000,76720000,64730000,52050000,490000,650000,1860000,300000,9790000,19860000,34440000,13290000,83740000,178000,122000,120000,298000,2016-11-01
Y75,2016,12,825,3,1,여자,70대,5,1760000,1.02,0.53,410000,77180000,65050000,52190000,510000,660000,1880000,310000,9810000,20040000,34530000,13400000,84200000,177000,116000,117000,294000,2016-12-01
Y75,2017,1,825,3,1,여자,70대,5,1769000,1.03,0.54,420000,77300000,65220000,52210000,520000,660000,1880000,310000,9920000,20110000,34510000,13400000,84530000,184000,118000,118000,302000,2017-01-01
Y75,2017,2,825,3,1,여자,70대,5,1779000,1.04,0.54,410000,77820000,65420000,52170000,550000,680000,1920000,310000,9960000,20220000,34520000,13400000,84900000,185000,113000,112000,297000,2017-02-01
Y75,2017,3,826,3,1,여자,70대,5,1797000,1.05,0.55,380000,78150000,65500000,52160000,570000,690000,1940000,320000,9970000,20290000,34500000,13400000,85290000,162000,102000,116000,278000,2017-03-01
Y75,2017,4,826,3,1,여자,70대,5,1806000,1.06,0.56,450000,78370000,65530000,52060000,600000,690000,1960000,340000,9970000,20410000,34380000,13360000,85700000,194000,122000,134000,328000,2017-04-01
Y75,2017,5,826,3,1,여자,70대,5,1814000,1.07,0.56,430000,78610000,65680000,52080000,610000,710000,1960000,330000,10000000,20510000,34390000,13380000,86100000,190000,117000,123000,313000,2017-05-01
Y75,2017,6,826,3,1,여자,70대,4,1825000,1.08,0.57,460000,78860000,65810000,52060000,630000,740000,1970000,340000,9990000,20640000,34390000,13350000,86400000,203000,125000,132000,335000,2017-06-01
Y75,2017,7,827,3,1,여자,70대,5,1836000,1.08,0.57,440000,79010000,65820000,52020000,630000,750000,1970000,320000,10000000,20750000,34280000,13360000,86570000,200000,117000,123000,323000,2017-07-01
Y75,2017,8,827,3,1,여자,70대,5,1849000,1.1,0.58,450000,79210000,65840000,51990000,640000,760000,1960000,330000,9970000,20810000,34240000,13360000,86660000,201000,125000,124000,325000,2017-08-01
Y75,2017,9,827,3,1,여자,70대,5,1861000,1.11,0.58,440000,79270000,65810000,51900000,650000,780000,1960000,340000,9950000,20850000,34170000,13440000,86610000,197000,112000,131000,328000,2017-09-01
Y75,2017,10,827,3,1,여자,70대,4,1871000,1.12,0.59,480000,79510000,65960000,51890000,650000,790000,1960000,420000,10030000,20890000,34200000,13490000,86980000,211000,137000,132000,343000,2017-10-01
Y75,2017,11,828,3,1,여자,70대,5,1883000,1.13,0.6,450000,79930000,66180000,51970000,670000,800000,1970000,450000,9930000,21020000,34350000,13510000,87290000,197000,125000,128000,325000,2017-11-01
Y75,2017,12,828,3,1,여자,70대,4,1933000,1.11,0.59,460000,80200000,66330000,52070000,670000,810000,1980000,450000,9950000,21130000,34360000,13560000,87560000,200000,128000,132000,332000,2017-12-01
Y80,2016,1,793,3,4,남자,80대,5,723000,1.64,1.34,330000,82110000,72560000,62400000,90000,350000,970000,150000,15210000,14640000,42530000,15020000,97600000,172000,58000,100000,272000,2016-01-01
Y80,2016,2,825,3,1,남자,80대,5,715000,0.52,0.25,270000,83760000,73620000,63500000,80000,300000,950000,150000,14960000,14820000,43690000,14830000,98530000,143000,45000,82000,225000,2016-02-01
Y80,2016,3,825,3,1,남자,80대,5,725000,0.52,0.25,250000,84510000,74360000,64090000,80000,300000,1070000,150000,15190000,14930000,44080000,15090000,99020000,134000,40000,76000,210000,2016-03-01
Y80,2016,4,825,3,1,남자,80대,5,736000,0.52,0.25,280000,84990000,74560000,64190000,80000,310000,1070000,150000,15170000,15050000,44190000,15180000,99420000,152000,48000,80000,232000,2016-04-01
Y80,2016,5,825,3,1,남자,80대,5,745000,0.52,0.25,280000,85430000,74860000,64400000,80000,320000,1050000,150000,15180000,15170000,44350000,15150000,99850000,154000,46000,80000,234000,2016-05-01
Y80,2016,6,825,3,1,남자,80대,5,753000,0.52,0.25,280000,85800000,74890000,64370000,90000,330000,1050000,160000,15190000,15180000,44350000,15150000,100010000,158000,49000,73000,231000,2016-06-01
Y80,2016,7,825,3,1,남자,80대,5,759000,0.52,0.25,280000,86710000,75560000,64890000,90000,310000,1070000,160000,15350000,15310000,44730000,15120000,100910000,162000,47000,71000,233000,2016-07-01
Y80,2016,8,827,3,1,남자,80대,5,765000,0.52,0.25,300000,87010000,75830000,65040000,90000,320000,1060000,180000,15440000,15430000,44790000,15120000,101350000,167000,52000,81000,248000,2016-08-01
Y80,2016,9,827,3,1,남자,80대,5,773000,0.53,0.26,290000,87220000,75870000,65030000,90000,320000,1130000,180000,15440000,15510000,44750000,15080000,101310000,161000,47000,82000,243000,2016-09-01
Y80,2016,10,827,3,1,남자,80대,5,781000,0.53,0.26,320000,87900000,76400000,65440000,100000,310000,1140000,180000,15590000,15590000,45040000,15140000,101920000,177000,63000,80000,257000,2016-10-01
Y80,2016,11,828,3,1,남자,80대,5,790000,0.53,0.26,310000,88600000,76900000,65750000,100000,320000,1150000,190000,15720000,15840000,45160000,15210000,102480000,175000,56000,79000,254000,2016-11-01
Y80,2016,12,828,3,1,남자,80대,5,799000,0.53,0.26,290000,89230000,77340000,66060000,110000,320000,1180000,210000,15760000,15970000,45430000,15410000,102950000,162000,53000,75000,237000,2016-12-01
Y80,2017,1,829,3,1,남자,80대,5,811000,0.53,0.27,310000,89850000,77870000,66560000,110000,320000,1240000,200000,15930000,16060000,45700000,15330000,103710000,176000,52000,82000,258000,2017-01-01
Y80,2017,2,829,3,1,남자,80대,5,822000,0.54,0.27,280000,90150000,78040000,66670000,120000,330000,1210000,220000,15970000,16100000,45770000,15470000,104030000,164000,48000,68000,232000,2017-02-01
Y80,2017,3,829,3,1,남자,80대,5,832000,0.54,0.27,250000,90740000,78480000,67020000,130000,340000,1200000,230000,16060000,16190000,46020000,15420000,104730000,141000,42000,67000,208000,2017-03-01
Y80,2017,4,829,3,1,남자,80대,5,844000,0.55,0.27,310000,90780000,78350000,66810000,130000,340000,1200000,250000,16090000,16190000,45850000,15190000,105080000,175000,53000,82000,257000,2017-04-01
Y80,2017,5,829,3,1,남자,80대,5,853000,0.55,0.27,350000,90450000,77840000,66290000,140000,360000,1210000,240000,15840000,16210000,45570000,15270000,104560000,217000,50000,83000,300000,2017-05-01
Y80,2017,6,829,3,1,남자,80대,5,861000,0.55,0.27,320000,90990000,78150000,66560000,140000,370000,1200000,230000,15890000,16340000,45690000,15160000,104990000,181000,55000,84000,265000,2017-06-01
Y80,2017,7,830,3,1,남자,80대,5,867000,0.55,0.27,320000,91220000,78130000,66580000,140000,370000,1170000,240000,15850000,16390000,45660000,15030000,105060000,188000,51000,81000,269000,2017-07-01
Y80,2017,8,830,3,1,남자,80대,5,874000,0.55,0.27,350000,91420000,78170000,66510000,140000,370000,1170000,250000,15830000,16460000,45650000,15080000,105110000,198000,58000,94000,292000,2017-08-01
Y80,2017,9,830,3,1,남자,80대,5,882000,0.56,0.28,330000,91870000,78310000,66640000,150000,360000,1160000,240000,15910000,16460000,45700000,15160000,105220000,184000,51000,95000,279000,2017-09-01
Y80,2017,10,830,3,1,남자,80대,5,890000,0.56,0.28,380000,91790000,78080000,66320000,150000,370000,1150000,290000,15920000,16370000,45540000,15150000,104920000,203000,70000,107000,310000,2017-10-01
Y80,2017,11,831,3,1,남자,80대,5,897000,0.57,0.28,320000,92560000,78360000,66580000,160000,360000,1130000,300000,15780000,16430000,45900000,15140000,105230000,174000,59000,87000,261000,2017-11-01
Y80,2017,12,831,3,1,남자,80대,5,947000,0.54,0.27,340000,93240000,78790000,66940000,160000,370000,1150000,300000,15810000,16600000,46130000,15160000,105680000,177000,59000,104000,281000,2017-12-01
Y85,2016,1,775,3,5,여자,80대,5,725000,1.45,1.28,210000,76330000,65570000,55670000,150000,220000,1360000,170000,8540000,17650000,39170000,14410000,79690000,86000,52000,72000,158000,2016-01-01
Y85,2016,2,814,3,2,여자,80대,5,744000,0.39,0.15,170000,79080000,67790000,57980000,120000,220000,1270000,130000,8310000,17960000,41330000,15490000,81600000,70000,37000,63000,133000,2016-02-01
Y85,2016,3,814,3,2,여자,80대,5,756000,0.4,0.15,160000,79710000,68140000,58280000,120000,230000,1290000,130000,8350000,18080000,41530000,15770000,81780000,66000,33000,61000,127000,2016-03-01
Y85,2016,4,814,3,2,여자,80대,5,769000,0.4,0.16,180000,80160000,68230000,58280000,120000,230000,1310000,130000,8400000,18170000,41460000,15580000,82010000,76000,39000,65000,141000,2016-04-01
Y85,2016,5,815,3,2,여자,80대,5,778000,0.4,0.16,180000,80940000,68720000,58560000,130000,240000,1340000,150000,8480000,18220000,41840000,15400000,82760000,73000,39000,68000,141000,2016-05-01
Y85,2016,6,815,3,2,여자,80대,5,788000,0.4,0.16,190000,81240000,68540000,58300000,130000,250000,1350000,150000,8510000,18190000,41640000,15090000,82560000,80000,41000,69000,149000,2016-06-01
Y85,2016,7,815,3,2,여자,80대,5,794000,0.4,0.16,180000,81510000,68630000,58270000,140000,230000,1450000,160000,8480000,18190000,41760000,14810000,82760000,77000,38000,65000,142000,2016-07-01
Y85,2016,8,816,3,2,여자,80대,5,801000,0.4,0.16,180000,81800000,68670000,58230000,140000,230000,1460000,190000,8500000,18230000,41740000,14820000,82730000,78000,40000,62000,140000,2016-08-01
Y85,2016,9,816,3,2,여자,80대,5,809000,0.41,0.16,190000,82050000,68830000,58240000,140000,240000,1470000,200000,8430000,18220000,41960000,14740000,82910000,78000,38000,74000,152000,2016-09-01
Y85,2016,10,816,3,2,여자,80대,5,817000,0.41,0.16,190000,82540000,69190000,58430000,160000,240000,1520000,200000,8530000,18260000,42170000,14700000,83430000,79000,45000,66000,145000,2016-10-01
Y85,2016,11,817,3,2,여자,80대,5,826000,0.41,0.16,190000,83050000,69400000,58440000,160000,250000,1520000,210000,8620000,18190000,42350000,14600000,83680000,79000,44000,67000,146000,2016-11-01
Y85,2016,12,817,3,2,여자,80대,5,835000,0.41,0.16,190000,83490000,69670000,58600000,170000,240000,1540000,250000,8690000,18330000,42410000,14710000,83910000,78000,42000,70000,148000,2016-12-01
Y85,2017,1,817,3,2,여자,80대,5,846000,0.42,0.17,190000,83680000,69860000,58610000,170000,240000,1580000,250000,8760000,18550000,42300000,14830000,83980000,80000,42000,68000,148000,2017-01-01
Y85,2017,2,817,3,2,여자,80대,5,859000,0.42,0.17,180000,83940000,69790000,58560000,190000,250000,1600000,260000,8740000,18570000,42210000,14920000,83900000,78000,39000,63000,141000,2017-02-01
Y85,2017,3,817,3,2,여자,80대,5,869000,0.43,0.17,160000,84330000,69850000,58610000,200000,250000,1590000,270000,8760000,18570000,42240000,14710000,84030000,68000,35000,57000,125000,2017-03-01
Y85,2017,4,817,3,2,여자,80대,5,883000,0.43,0.17,200000,84530000,69870000,58550000,210000,250000,1630000,300000,8770000,18550000,42250000,14550000,84200000,81000,43000,76000,157000,2017-04-01
Y85,2017,5,818,3,2,여자,80대,5,893000,0.43,0.18,190000,84660000,69850000,58550000,220000,250000,1620000,320000,8750000,18610000,42190000,14440000,84380000,78000,41000,71000,149000,2017-05-01
Y85,2017,6,818,3,2,여자,80대,5,902000,0.43,0.18,200000,84620000,69790000,58400000,220000,260000,1680000,320000,8720000,18620000,42140000,14230000,84430000,84000,44000,72000,156000,2017-06-01
Y85,2017,7,818,3,2,여자,80대,5,909000,0.44,0.18,190000,84780000,69810000,58520000,230000,260000,1700000,270000,8660000,18810000,42030000,14190000,84510000,82000,42000,66000,148000,2017-07-01
Y85,2017,8,818,3,2,여자,80대,5,918000,0.44,0.18,200000,84810000,69610000,58460000,230000,260000,1610000,290000,8600000,18710000,41980000,14140000,84270000,82000,43000,75000,157000,2017-08-01
Y85,2017,9,818,3,2,여자,80대,5,926000,0.45,0.18,190000,84980000,69500000,58330000,230000,270000,1610000,310000,8550000,18750000,41870000,14230000,84120000,82000,39000,69000,151000,2017-09-01
Y85,2017,10,818,3,2,여자,80대,5,934000,0.45,0.18,210000,85150000,69510000,58190000,240000,290000,1610000,430000,8630000,18760000,41770000,14250000,84200000,87000,49000,74000,161000,2017-10-01
Y85,2017,11,819,3,2,여자,80대,5,943000,0.46,0.18,200000,85780000,69750000,58420000,240000,300000,1610000,470000,8570000,18690000,42130000,14330000,84390000,80000,44000,76000,156000,2017-11-01
Y85,2017,12,819,3,2,여자,80대,5,996000,0.44,0.18,200000,85790000,69510000,58170000,250000,300000,1640000,430000,8590000,18670000,41890000,14240000,84050000,81000,44000,75000,156000,2017-12-01
